ID,Fruit,Code,FlightID,Arrival Date,Via
0,Yuzu,NRT,250,2023-10-11,LHR/HK
0,Yuzu,NRT,983,2023-10-11,CAN/HK
0,Yuzu,NRT,765,2023-10-11,HKT/HK
0,Yuzu,NRT,3239,2023-10-11,XMN/PVG/HK
0,Yuzu,NRT,392,2023-10-11,PEN/HK
0,Yuzu,NRT,156,2023-10-11,BNE/HK
0,Yuzu,NRT,456,2023-10-11,CEB/MNL/HK
1,Persimmon,NRT,842,2023-10-11,BKK/HK
1,Persimmon,NRT,698,2023-10-11,DEL/HK
1,Persimmon,NRT,738,2023-10-11,DXB/HK
1,Persimmon,NRT,873,2023-10-11,SFO/HK
1,Persimmon,NRT,624,2023-10-11,BLR/HK
2,Sakura Cherry,NRT,983,2023-10-11,CAN/HK
2,Sakura Cherry,NRT,3239,2023-10-11,XMN/PVG/HK
2,Sakura Cherry,NRT,456,2023-10-11,CEB/MNL/HK
2,Sakura Cherry,NRT,156,2023-10-11,BNE/HK
2,Sakura Cherry,NRT,730,2023-10-11,KUL/HK
2,Sakura Cherry,NRT,627,2023-10-11,ICN/HK
3,Ginseng,ICN,917,2023-10-11,TFU/HK
3,Ginseng,ICN,099,2023-10-11,JFK/ORD/ANC/HK
3,Ginseng,ICN,551,2023-10-11,HAN/HK
3,Ginseng,ICN,769,2023-10-11,PEK/HK
3,Ginseng,ICN,217,2023-10-11,NGO/HK
3,Ginseng,ICN,681,2023-10-11,TPE/HK
3,Ginseng,ICN,048,2023-10-11,DAC/HAN/HK
3,Ginseng,ICN,829,2023-10-11,YYZ/HK
3,Ginseng,ICN,250,2023-10-11,LHR/HK
4,Korean Pear,ICN,407,2023-10-11,TPE/HK
4,Korean Pear,ICN,718,2023-10-11,CGK/HK
4,Korean Pear,ICN,005,2023-10-11,NRT/TPE/HK
4,Korean Pear,ICN,651,2023-10-11,NRT/HK
4,Korean Pear,ICN,883,2023-10-11,LAX/HK
4,Korean Pear,ICN,048,2023-10-11,DAC/HAN/HK
4,Korean Pear,ICN,227,2023-10-11,NGB/HK
4,Korean Pear,ICN,129,2023-10-11,ICN/HK
4,Korean Pear,ICN,3253,2023-10-11,PVG/HK
5,Mandarin Orange,ICN,624,2023-10-11,BLR/HK
5,Mandarin Orange,ICN,288,2023-10-11,FRA/HK
5,Mandarin Orange,ICN,449,2023-10-11,KHH/HK
5,Mandarin Orange,ICN,959,2023-10-11,HGH/HK
5,Mandarin Orange,ICN,714,2023-10-11,SIN/HK
6,Kyoho Grapes,KIX,917,2023-10-11,TFU/HK
6,Kyoho Grapes,KIX,658,2023-10-11,SIN/HK
6,Kyoho Grapes,KIX,129,2023-10-11,ICN/HK
6,Kyoho Grapes,KIX,431,2023-10-11,KHH/HK
6,Kyoho Grapes,KIX,681,2023-10-11,TPE/HK
6,Kyoho Grapes,KIX,883,2023-10-11,LAX/HK
6,Kyoho Grapes,KIX,651,2023-10-11,NRT/HK
6,Kyoho Grapes,KIX,3239,2023-10-11,XMN/PVG/HK
6,Kyoho Grapes,KIX,551,2023-10-11,HAN/HK
6,Kyoho Grapes,KIX,361,2023-10-11,PVG/HK
7,Mikan,KIX,881,2023-10-11,LAX/HK
7,Mikan,KIX,205,2023-10-11,KIX/HK
7,Mikan,KIX,658,2023-10-11,SIN/HK
7,Mikan,KIX,681,2023-10-11,TPE/HK
7,Mikan,KIX,170,2023-10-11,PER/HK
7,Mikan,KIX,2083,2023-10-11,LAX/PDX/ANC/HK
7,Mikan,KIX,156,2023-10-11,BNE/HK
7,Mikan,KIX,714,2023-10-11,SIN/HK
8,Nashi Pear,KIX,748,2023-10-11,JNB/HK
8,Nashi Pear,KIX,681,2023-10-11,TPE/HK
8,Nashi Pear,KIX,769,2023-10-11,PEK/HK
8,Nashi Pear,KIX,738,2023-10-11,DXB/HK
8,Nashi Pear,KIX,959,2023-10-11,HGH/HK
8,Nashi Pear,KIX,099,2023-10-11,JFK/ORD/ANC/HK
8,Nashi Pear,KIX,658,2023-10-11,SIN/HK
8,Nashi Pear,KIX,035,2023-10-11,KIX/ICN/HK
8,Nashi Pear,KIX,780,2023-10-11,SUB/HK
8,Nashi Pear,KIX,3144,2023-10-11,MAA/HK
54,Persimmon,KIX,651,2023-10-11,NRT/HK
54,Persimmon,KIX,829,2023-10-11,YYZ/HK
54,Persimmon,KIX,973,2023-10-11,XMN/HK
54,Persimmon,KIX,489,2023-10-11,TPE/HK
54,Persimmon,KIX,783,2023-10-11,PVG/HK
54,Persimmon,KIX,843,2023-10-11,JFK/HK
54,Persimmon,KIX,597,2023-10-11,KIX/HK
54,Persimmon,KIX,748,2023-10-11,JNB/HK
54,Persimmon,KIX,2078,2023-10-11,RUH/DWC/HK
55,Yuzu,KIX,138,2023-10-11,SYD/HK
55,Yuzu,KIX,3122,2023-10-11,SYD/MEL/WTB/HK
55,Yuzu,KIX,821,2023-10-11,OKA/HK
55,Yuzu,KIX,048,2023-10-11,DAC/HAN/HK
55,Yuzu,KIX,811,2023-10-11,BOS/HK
55,Yuzu,KIX,3144,2023-10-11,MAA/HK
55,Yuzu,KIX,209,2023-10-11,NRT/HK
56,Sakura Cherry,KIX,178,2023-10-11,MEL/HK
56,Sakura Cherry,KIX,983,2023-10-11,CAN/HK
56,Sakura Cherry,KIX,217,2023-10-11,NGO/HK
56,Sakura Cherry,KIX,205,2023-10-11,KIX/HK
56,Sakura Cherry,KIX,597,2023-10-11,KIX/HK
56,Sakura Cherry,KIX,694,2023-10-11,DEL/HK
56,Sakura Cherry,KIX,345,2023-10-11,PEK/HK
9,Dragon Fruit,TPE,138,2023-10-11,SYD/HK
9,Dragon Fruit,TPE,456,2023-10-11,CEB/MNL/HK
9,Dragon Fruit,TPE,748,2023-10-11,JNB/HK
9,Dragon Fruit,TPE,841,2023-10-11,JFK/HK
9,Dragon Fruit,TPE,449,2023-10-11,KHH/HK
9,Dragon Fruit,TPE,129,2023-10-11,ICN/HK
9,Dragon Fruit,TPE,365,2023-10-11,PVG/HK
9,Dragon Fruit,TPE,178,2023-10-11,MEL/HK
9,Dragon Fruit,TPE,509,2023-10-11,NRT/HK
10,Lychee,TPE,698,2023-10-11,DEL/HK
10,Lychee,TPE,2078,2023-10-11,RUH/DWC/HK
10,Lychee,TPE,205,2023-10-11,KIX/HK
10,Lychee,TPE,821,2023-10-11,OKA/HK
10,Lychee,TPE,193,2023-10-11,RMQ/HK
11,Papaya,TPE,769,2023-10-11,PEK/HK
11,Papaya,TPE,326,2023-10-11,SIN/HK
11,Papaya,TPE,937,2023-10-11,WUH/HK
11,Papaya,TPE,783,2023-10-11,PVG/HK
11,Papaya,TPE,658,2023-10-11,SIN/HK
11,Papaya,TPE,205,2023-10-11,KIX/HK
11,Papaya,TPE,217,2023-10-11,NGO/HK
57,Pineapple,TPE,883,2023-10-11,LAX/HK
57,Pineapple,TPE,417,2023-10-11,ICN/HK
57,Pineapple,TPE,658,2023-10-11,SIN/HK
57,Pineapple,TPE,843,2023-10-11,JFK/HK
57,Pineapple,TPE,326,2023-10-11,SIN/HK
57,Pineapple,TPE,250,2023-10-11,LHR/HK
58,Guava,TPE,658,2023-10-11,SIN/HK
58,Guava,TPE,2046,2023-10-11,DEL/HK
58,Guava,TPE,780,2023-10-11,SUB/HK
58,Guava,TPE,627,2023-10-11,ICN/HK
58,Guava,TPE,769,2023-10-11,PEK/HK
58,Guava,TPE,597,2023-10-11,KIX/HK
58,Guava,TPE,959,2023-10-11,HGH/HK
59,Mango,TPE,138,2023-10-11,SYD/HK
59,Mango,TPE,705,2023-10-11,BKK/HK
59,Mango,TPE,995,2023-10-11,FOC/HK
59,Mango,TPE,035,2023-10-11,KIX/ICN/HK
59,Mango,TPE,841,2023-10-11,JFK/HK
59,Mango,TPE,129,2023-10-11,ICN/HK
59,Mango,TPE,170,2023-10-11,PER/HK
59,Mango,TPE,973,2023-10-11,XMN/HK
12,Longan,PVG,417,2023-10-11,ICN/HK
12,Longan,PVG,361,2023-10-11,PVG/HK
12,Longan,PVG,048,2023-10-11,DAC/HAN/HK
12,Longan,PVG,698,2023-10-11,DEL/HK
12,Longan,PVG,912,2023-10-11,MNL/HK
13,Star Fruit,PVG,721,2023-10-11,CTU/HK
13,Star Fruit,PVG,217,2023-10-11,NGO/HK
13,Star Fruit,PVG,769,2023-10-11,PEK/HK
13,Star Fruit,PVG,005,2023-10-11,NRT/TPE/HK
13,Star Fruit,PVG,983,2023-10-11,CAN/HK
13,Star Fruit,PVG,829,2023-10-11,YYZ/HK
13,Star Fruit,PVG,407,2023-10-11,TPE/HK
13,Star Fruit,PVG,392,2023-10-11,PEN/HK
14,Mango,PVG,2083,2023-10-11,LAX/PDX/ANC/HK
14,Mango,PVG,456,2023-10-11,CEB/MNL/HK
14,Mango,PVG,597,2023-10-11,KIX/HK
14,Mango,PVG,748,2023-10-11,JNB/HK
14,Mango,PVG,048,2023-10-11,DAC/HAN/HK
14,Mango,PVG,238,2023-10-11,LHR/HK
60,Lychee,PVG,662,2023-10-11,DAC/HK
60,Lychee,PVG,973,2023-10-11,XMN/HK
60,Lychee,PVG,501,2023-10-11,NRT/HK
60,Lychee,PVG,209,2023-10-11,NRT/HK
60,Lychee,PVG,170,2023-10-11,PER/HK
60,Lychee,PVG,769,2023-10-11,PEK/HK
60,Lychee,PVG,3239,2023-10-11,XMN/PVG/HK
61,Dragon Fruit,PVG,624,2023-10-11,BLR/HK
61,Dragon Fruit,PVG,209,2023-10-11,NRT/HK
61,Dragon Fruit,PVG,156,2023-10-11,BNE/HK
61,Dragon Fruit,PVG,681,2023-10-11,TPE/HK
61,Dragon Fruit,PVG,193,2023-10-11,RMQ/HK
62,Longan,PVG,170,2023-10-11,PER/HK
62,Longan,PVG,217,2023-10-11,NGO/HK
62,Longan,PVG,129,2023-10-11,ICN/HK
62,Longan,PVG,361,2023-10-11,PVG/HK
62,Longan,PVG,205,2023-10-11,KIX/HK
62,Longan,PVG,681,2023-10-11,TPE/HK
62,Longan,PVG,407,2023-10-11,TPE/HK
62,Longan,PVG,959,2023-10-11,HGH/HK
15,Mango,MNL,048,2023-10-11,DAC/HAN/HK
15,Mango,MNL,129,2023-10-11,ICN/HK
15,Mango,MNL,995,2023-10-11,FOC/HK
15,Mango,MNL,501,2023-10-11,NRT/HK
15,Mango,MNL,551,2023-10-11,HAN/HK
15,Mango,MNL,627,2023-10-11,ICN/HK
15,Mango,MNL,365,2023-10-11,PVG/HK
15,Mango,MNL,250,2023-10-11,LHR/HK
16,Banana,MNL,178,2023-10-11,MEL/HK
16,Banana,MNL,035,2023-10-11,KIX/ICN/HK
16,Banana,MNL,698,2023-10-11,DEL/HK
16,Banana,MNL,651,2023-10-11,NRT/HK
16,Banana,MNL,883,2023-10-11,LAX/HK
16,Banana,MNL,129,2023-10-11,ICN/HK
16,Banana,MNL,217,2023-10-11,NGO/HK
16,Banana,MNL,227,2023-10-11,NGB/HK
16,Banana,MNL,721,2023-10-11,CTU/HK
16,Banana,MNL,640,2023-10-11,KTM/HK
17,Coconut,MNL,811,2023-10-11,BOS/HK
17,Coconut,MNL,660,2023-10-11,BOM/HK
17,Coconut,MNL,449,2023-10-11,KHH/HK
17,Coconut,MNL,407,2023-10-11,TPE/HK
17,Coconut,MNL,326,2023-10-11,SIN/HK
17,Coconut,MNL,3144,2023-10-11,MAA/HK
17,Coconut,MNL,501,2023-10-11,NRT/HK
17,Coconut,MNL,662,2023-10-11,DAC/HK
17,Coconut,MNL,217,2023-10-11,NGO/HK
17,Coconut,MNL,714,2023-10-11,SIN/HK
63,Mango,MNL,209,2023-10-11,NRT/HK
63,Mango,MNL,676,2023-10-11,TLV/HK
63,Mango,MNL,509,2023-10-11,NRT/HK
63,Mango,MNL,456,2023-10-11,CEB/MNL/HK
63,Mango,MNL,738,2023-10-11,DXB/HK
63,Mango,MNL,624,2023-10-11,BLR/HK
63,Mango,MNL,700,2023-10-11,BKK/HK
64,Banana,MNL,270,2023-10-11,AMS/HK
64,Banana,MNL,449,2023-10-11,KHH/HK
64,Banana,MNL,718,2023-10-11,CGK/HK
64,Banana,MNL,681,2023-10-11,TPE/HK
64,Banana,MNL,676,2023-10-11,TLV/HK
65,Coconut,MNL,660,2023-10-11,BOM/HK
65,Coconut,MNL,392,2023-10-11,PEN/HK
65,Coconut,MNL,873,2023-10-11,SFO/HK
65,Coconut,MNL,597,2023-10-11,KIX/HK
65,Coconut,MNL,365,2023-10-11,PVG/HK
65,Coconut,MNL,651,2023-10-11,NRT/HK
65,Coconut,MNL,973,2023-10-11,XMN/HK
65,Coconut,MNL,288,2023-10-11,FRA/HK
65,Coconut,MNL,676,2023-10-11,TLV/HK
18,Lychee,PEK,783,2023-10-11,PVG/HK
18,Lychee,PEK,821,2023-10-11,OKA/HK
18,Lychee,PEK,035,2023-10-11,KIX/ICN/HK
18,Lychee,PEK,099,2023-10-11,JFK/ORD/ANC/HK
18,Lychee,PEK,3122,2023-10-11,SYD/MEL/WTB/HK
19,Hawthorn,PEK,048,2023-10-11,DAC/HAN/HK
19,Hawthorn,PEK,260,2023-10-11,CDG/HK
19,Hawthorn,PEK,937,2023-10-11,WUH/HK
19,Hawthorn,PEK,489,2023-10-11,TPE/HK
19,Hawthorn,PEK,841,2023-10-11,JFK/HK
19,Hawthorn,PEK,193,2023-10-11,RMQ/HK
19,Hawthorn,PEK,129,2023-10-11,ICN/HK
19,Hawthorn,PEK,627,2023-10-11,ICN/HK
19,Hawthorn,PEK,798,2023-10-11,CGK/HK
19,Hawthorn,PEK,783,2023-10-11,PVG/HK
20,Peach,PEK,651,2023-10-11,NRT/HK
20,Peach,PEK,937,2023-10-11,WUH/HK
20,Peach,PEK,721,2023-10-11,CTU/HK
20,Peach,PEK,361,2023-10-11,PVG/HK
20,Peach,PEK,205,2023-10-11,KIX/HK
20,Peach,PEK,842,2023-10-11,BKK/HK
20,Peach,PEK,170,2023-10-11,PER/HK
20,Peach,PEK,718,2023-10-11,CGK/HK
20,Peach,PEK,660,2023-10-11,BOM/HK
20,Peach,PEK,625,2023-10-11,HND/HK
66,Apple,PEK,193,2023-10-11,RMQ/HK
66,Apple,PEK,627,2023-10-11,ICN/HK
66,Apple,PEK,417,2023-10-11,ICN/HK
66,Apple,PEK,392,2023-10-11,PEN/HK
66,Apple,PEK,811,2023-10-11,BOS/HK
66,Apple,PEK,035,2023-10-11,KIX/ICN/HK
66,Apple,PEK,205,2023-10-11,KIX/HK
66,Apple,PEK,681,2023-10-11,TPE/HK
67,Pear,PEK,3122,2023-10-11,SYD/MEL/WTB/HK
67,Pear,PEK,783,2023-10-11,PVG/HK
67,Pear,PEK,503,2023-10-11,KIX/HK
67,Pear,PEK,769,2023-10-11,PEK/HK
67,Pear,PEK,209,2023-10-11,NRT/HK
67,Pear,PEK,170,2023-10-11,PER/HK
67,Pear,PEK,676,2023-10-11,TLV/HK
68,Jujube,PEK,129,2023-10-11,ICN/HK
68,Jujube,PEK,973,2023-10-11,XMN/HK
68,Jujube,PEK,035,2023-10-11,KIX/ICN/HK
68,Jujube,PEK,811,2023-10-11,BOS/HK
68,Jujube,PEK,270,2023-10-11,AMS/HK
21,Durian,SIN,170,2023-10-11,PER/HK
21,Durian,SIN,730,2023-10-11,KUL/HK
21,Durian,SIN,681,2023-10-11,TPE/HK
21,Durian,SIN,361,2023-10-11,PVG/HK
21,Durian,SIN,035,2023-10-11,KIX/ICN/HK
21,Durian,SIN,178,2023-10-11,MEL/HK
21,Durian,SIN,562,2023-10-11,SGN/HK
21,Durian,SIN,917,2023-10-11,TFU/HK
22,Rambutan,SIN,129,2023-10-11,ICN/HK
22,Rambutan,SIN,906,2023-10-11,MNL/HK
22,Rambutan,SIN,660,2023-10-11,BOM/HK
22,Rambutan,SIN,456,2023-10-11,CEB/MNL/HK
22,Rambutan,SIN,662,2023-10-11,DAC/HK
22,Rambutan,SIN,651,2023-10-11,NRT/HK
22,Rambutan,SIN,883,2023-10-11,LAX/HK
22,Rambutan,SIN,681,2023-10-11,TPE/HK
22,Rambutan,SIN,676,2023-10-11,TLV/HK
23,Mangosteen,SIN,392,2023-10-11,PEN/HK
23,Mangosteen,SIN,2046,2023-10-11,DEL/HK
23,Mangosteen,SIN,842,2023-10-11,BKK/HK
23,Mangosteen,SIN,841,2023-10-11,JFK/HK
23,Mangosteen,SIN,503,2023-10-11,KIX/HK
23,Mangosteen,SIN,005,2023-10-11,NRT/TPE/HK
23,Mangosteen,SIN,995,2023-10-11,FOC/HK
69,Durian,SIN,821,2023-10-11,OKA/HK
69,Durian,SIN,780,2023-10-11,SUB/HK
69,Durian,SIN,783,2023-10-11,PVG/HK
69,Durian,SIN,597,2023-10-11,KIX/HK
69,Durian,SIN,738,2023-10-11,DXB/HK
69,Durian,SIN,156,2023-10-11,BNE/HK
69,Durian,SIN,456,2023-10-11,CEB/MNL/HK
70,Mangosteen,SIN,995,2023-10-11,FOC/HK
70,Mangosteen,SIN,660,2023-10-11,BOM/HK
70,Mangosteen,SIN,705,2023-10-11,BKK/HK
70,Mangosteen,SIN,625,2023-10-11,HND/HK
70,Mangosteen,SIN,129,2023-10-11,ICN/HK
70,Mangosteen,SIN,694,2023-10-11,DEL/HK
70,Mangosteen,SIN,3144,2023-10-11,MAA/HK
70,Mangosteen,SIN,700,2023-10-11,BKK/HK
70,Mangosteen,SIN,780,2023-10-11,SUB/HK
70,Mangosteen,SIN,681,2023-10-11,TPE/HK
71,Rambutan,SIN,326,2023-10-11,SIN/HK
71,Rambutan,SIN,392,2023-10-11,PEN/HK
71,Rambutan,SIN,748,2023-10-11,JNB/HK
71,Rambutan,SIN,983,2023-10-11,CAN/HK
71,Rambutan,SIN,881,2023-10-11,LAX/HK
71,Rambutan,SIN,178,2023-10-11,MEL/HK
71,Rambutan,SIN,217,2023-10-11,NGO/HK
71,Rambutan,SIN,099,2023-10-11,JFK/ORD/ANC/HK
24,Mangosteen,BKK,431,2023-10-11,KHH/HK
24,Mangosteen,BKK,769,2023-10-11,PEK/HK
24,Mangosteen,BKK,035,2023-10-11,KIX/ICN/HK
24,Mangosteen,BKK,209,2023-10-11,NRT/HK
24,Mangosteen,BKK,562,2023-10-11,SGN/HK
25,Pomelo,BKK,821,2023-10-11,OKA/HK
25,Pomelo,BKK,288,2023-10-11,FRA/HK
25,Pomelo,BKK,765,2023-10-11,HKT/HK
25,Pomelo,BKK,640,2023-10-11,KTM/HK
25,Pomelo,BKK,035,2023-10-11,KIX/ICN/HK
25,Pomelo,BKK,217,2023-10-11,NGO/HK
26,Dragon Fruit,BKK,718,2023-10-11,CGK/HK
26,Dragon Fruit,BKK,883,2023-10-11,LAX/HK
26,Dragon Fruit,BKK,260,2023-10-11,CDG/HK
26,Dragon Fruit,BKK,676,2023-10-11,TLV/HK
26,Dragon Fruit,BKK,193,2023-10-11,RMQ/HK
26,Dragon Fruit,BKK,798,2023-10-11,CGK/HK
26,Dragon Fruit,BKK,681,2023-10-11,TPE/HK
26,Dragon Fruit,BKK,129,2023-10-11,ICN/HK
26,Dragon Fruit,BKK,365,2023-10-11,PVG/HK
26,Dragon Fruit,BKK,431,2023-10-11,KHH/HK
72,Mango,BKK,3122,2023-10-11,SYD/MEL/WTB/HK
72,Mango,BKK,694,2023-10-11,DEL/HK
72,Mango,BKK,798,2023-10-11,CGK/HK
72,Mango,BKK,995,2023-10-11,FOC/HK
72,Mango,BKK,250,2023-10-11,LHR/HK
73,Durian,BKK,209,2023-10-11,NRT/HK
73,Durian,BKK,3122,2023-10-11,SYD/MEL/WTB/HK
73,Durian,BKK,881,2023-10-11,LAX/HK
73,Durian,BKK,730,2023-10-11,KUL/HK
73,Durian,BKK,048,2023-10-11,DAC/HAN/HK
73,Durian,BKK,658,2023-10-11,SIN/HK
73,Durian,BKK,769,2023-10-11,PEK/HK
74,Pomelo,BKK,205,2023-10-11,KIX/HK
74,Pomelo,BKK,660,2023-10-11,BOM/HK
74,Pomelo,BKK,129,2023-10-11,ICN/HK
74,Pomelo,BKK,798,2023-10-11,CGK/HK
74,Pomelo,BKK,252,2023-10-11,LHR/HK
74,Pomelo,BKK,138,2023-10-11,SYD/HK
74,Pomelo,BKK,178,2023-10-11,MEL/HK
74,Pomelo,BKK,983,2023-10-11,CAN/HK
27,Mango,DEL,658,2023-10-11,SIN/HK
27,Mango,DEL,597,2023-10-11,KIX/HK
27,Mango,DEL,392,2023-10-11,PEN/HK
27,Mango,DEL,3144,2023-10-11,MAA/HK
27,Mango,DEL,983,2023-10-11,CAN/HK
27,Mango,DEL,205,2023-10-11,KIX/HK
27,Mango,DEL,178,2023-10-11,MEL/HK
27,Mango,DEL,721,2023-10-11,CTU/HK
27,Mango,DEL,449,2023-10-11,KHH/HK
27,Mango,DEL,227,2023-10-11,NGB/HK
28,Guava,DEL,912,2023-10-11,MNL/HK
28,Guava,DEL,829,2023-10-11,YYZ/HK
28,Guava,DEL,326,2023-10-11,SIN/HK
28,Guava,DEL,676,2023-10-11,TLV/HK
28,Guava,DEL,658,2023-10-11,SIN/HK
28,Guava,DEL,489,2023-10-11,TPE/HK
28,Guava,DEL,209,2023-10-11,NRT/HK
29,Pomegranate,DEL,700,2023-10-11,BKK/HK
29,Pomegranate,DEL,392,2023-10-11,PEN/HK
29,Pomegranate,DEL,209,2023-10-11,NRT/HK
29,Pomegranate,DEL,392,2023-10-11,PEN/HK
29,Pomegranate,DEL,449,2023-10-11,KHH/HK
29,Pomegranate,DEL,3261,2023-10-11,CKG/HK
29,Pomegranate,DEL,156,2023-10-11,BNE/HK
75,Mango,DEL,156,2023-10-11,BNE/HK
75,Mango,DEL,178,2023-10-11,MEL/HK
75,Mango,DEL,035,2023-10-11,KIX/ICN/HK
75,Mango,DEL,138,2023-10-11,SYD/HK
75,Mango,DEL,624,2023-10-11,BLR/HK
75,Mango,DEL,227,2023-10-11,NGB/HK
75,Mango,DEL,2083,2023-10-11,LAX/PDX/ANC/HK
75,Mango,DEL,658,2023-10-11,SIN/HK
75,Mango,DEL,640,2023-10-11,KTM/HK
76,Guava,DEL,597,2023-10-11,KIX/HK
76,Guava,DEL,676,2023-10-11,TLV/HK
76,Guava,DEL,783,2023-10-11,PVG/HK
76,Guava,DEL,718,2023-10-11,CGK/HK
76,Guava,DEL,627,2023-10-11,ICN/HK
76,Guava,DEL,326,2023-10-11,SIN/HK
77,Pomegranate,DEL,288,2023-10-11,FRA/HK
77,Pomegranate,DEL,651,2023-10-11,NRT/HK
77,Pomegranate,DEL,811,2023-10-11,BOS/HK
77,Pomegranate,DEL,3144,2023-10-11,MAA/HK
77,Pomegranate,DEL,456,2023-10-11,CEB/MNL/HK
77,Pomegranate,DEL,217,2023-10-11,NGO/HK
77,Pomegranate,DEL,681,2023-10-11,TPE/HK
30,Apple,JFK,912,2023-10-11,MNL/HK
30,Apple,JFK,798,2023-10-11,CGK/HK
30,Apple,JFK,658,2023-10-11,SIN/HK
30,Apple,JFK,2046,2023-10-11,DEL/HK
30,Apple,JFK,2083,2023-10-11,LAX/PDX/ANC/HK
30,Apple,JFK,651,2023-10-11,NRT/HK
30,Apple,JFK,783,2023-10-11,PVG/HK
30,Apple,JFK,209,2023-10-11,NRT/HK
30,Apple,JFK,217,2023-10-11,NGO/HK
31,Blueberries,JFK,883,2023-10-11,LAX/HK
31,Blueberries,JFK,361,2023-10-11,PVG/HK
31,Blueberries,JFK,694,2023-10-11,DEL/HK
31,Blueberries,JFK,3239,2023-10-11,XMN/PVG/HK
31,Blueberries,JFK,738,2023-10-11,DXB/HK
31,Blueberries,JFK,640,2023-10-11,KTM/HK
32,Cranberries,JFK,829,2023-10-11,YYZ/HK
32,Cranberries,JFK,597,2023-10-11,KIX/HK
32,Cranberries,JFK,048,2023-10-11,DAC/HAN/HK
32,Cranberries,JFK,714,2023-10-11,SIN/HK
32,Cranberries,JFK,662,2023-10-11,DAC/HK
32,Cranberries,JFK,129,2023-10-11,ICN/HK
32,Cranberries,JFK,156,2023-10-11,BNE/HK
32,Cranberries,JFK,765,2023-10-11,HKT/HK
32,Cranberries,JFK,501,2023-10-11,NRT/HK
78,Apple,JFK,551,2023-10-11,HAN/HK
78,Apple,JFK,252,2023-10-11,LHR/HK
78,Apple,JFK,489,2023-10-11,TPE/HK
78,Apple,JFK,597,2023-10-11,KIX/HK
78,Apple,JFK,660,2023-10-11,BOM/HK
78,Apple,JFK,392,2023-10-11,PEN/HK
78,Apple,JFK,392,2023-10-11,PEN/HK
78,Apple,JFK,881,2023-10-11,LAX/HK
78,Apple,JFK,694,2023-10-11,DEL/HK
79,Blueberry,JFK,937,2023-10-11,WUH/HK
79,Blueberry,JFK,681,2023-10-11,TPE/HK
79,Blueberry,JFK,917,2023-10-11,TFU/HK
79,Blueberry,JFK,623,2023-10-11,HND/HK
79,Blueberry,JFK,821,2023-10-11,OKA/HK
79,Blueberry,JFK,873,2023-10-11,SFO/HK
80,Cranberry,JFK,721,2023-10-11,CTU/HK
80,Cranberry,JFK,681,2023-10-11,TPE/HK
80,Cranberry,JFK,3253,2023-10-11,PVG/HK
80,Cranberry,JFK,407,2023-10-11,TPE/HK
80,Cranberry,JFK,625,2023-10-11,HND/HK
80,Cranberry,JFK,138,2023-10-11,SYD/HK
80,Cranberry,JFK,326,2023-10-11,SIN/HK
80,Cranberry,JFK,811,2023-10-11,BOS/HK
81,Strawberry,LAX,562,2023-10-11,SGN/HK
81,Strawberry,LAX,821,2023-10-11,OKA/HK
81,Strawberry,LAX,048,2023-10-11,DAC/HAN/HK
81,Strawberry,LAX,730,2023-10-11,KUL/HK
81,Strawberry,LAX,714,2023-10-11,SIN/HK
81,Strawberry,LAX,829,2023-10-11,YYZ/HK
81,Strawberry,LAX,2046,2023-10-11,DEL/HK
81,Strawberry,LAX,917,2023-10-11,TFU/HK
82,Avocado,LAX,456,2023-10-11,CEB/MNL/HK
82,Avocado,LAX,170,2023-10-11,PER/HK
82,Avocado,LAX,842,2023-10-11,BKK/HK
82,Avocado,LAX,099,2023-10-11,JFK/ORD/ANC/HK
82,Avocado,LAX,270,2023-10-11,AMS/HK
82,Avocado,LAX,138,2023-10-11,SYD/HK
82,Avocado,LAX,417,2023-10-11,ICN/HK
83,Lemon,LAX,841,2023-10-11,JFK/HK
83,Lemon,LAX,681,2023-10-11,TPE/HK
83,Lemon,LAX,217,2023-10-11,NGO/HK
83,Lemon,LAX,917,2023-10-11,TFU/HK
83,Lemon,LAX,698,2023-10-11,DEL/HK
83,Lemon,LAX,748,2023-10-11,JNB/HK
83,Lemon,LAX,129,2023-10-11,ICN/HK
84,Apple,LHR,170,2023-10-11,PER/HK
84,Apple,LHR,676,2023-10-11,TLV/HK
84,Apple,LHR,417,2023-10-11,ICN/HK
84,Apple,LHR,3144,2023-10-11,MAA/HK
84,Apple,LHR,748,2023-10-11,JNB/HK
85,Blackberry,LHR,640,2023-10-11,KTM/HK
85,Blackberry,LHR,681,2023-10-11,TPE/HK
85,Blackberry,LHR,912,2023-10-11,MNL/HK
85,Blackberry,LHR,509,2023-10-11,NRT/HK
85,Blackberry,LHR,627,2023-10-11,ICN/HK
85,Blackberry,LHR,651,2023-10-11,NRT/HK
85,Blackberry,LHR,2078,2023-10-11,RUH/DWC/HK
85,Blackberry,LHR,721,2023-10-11,CTU/HK
85,Blackberry,LHR,714,2023-10-11,SIN/HK
86,Raspberry,LHR,995,2023-10-11,FOC/HK
86,Raspberry,LHR,681,2023-10-11,TPE/HK
86,Raspberry,LHR,392,2023-10-11,PEN/HK
86,Raspberry,LHR,035,2023-10-11,KIX/ICN/HK
86,Raspberry,LHR,917,2023-10-11,TFU/HK
86,Raspberry,LHR,3253,2023-10-11,PVG/HK
86,Raspberry,LHR,912,2023-10-11,MNL/HK
86,Raspberry,LHR,783,2023-10-11,PVG/HK
87,Durian,PEN,392,2023-10-11,PEN/HK
87,Durian,PEN,2083,2023-10-11,LAX/PDX/ANC/HK
87,Durian,PEN,503,2023-10-11,KIX/HK
87,Durian,PEN,983,2023-10-11,CAN/HK
87,Durian,PEN,959,2023-10-11,HGH/HK
87,Durian,PEN,562,2023-10-11,SGN/HK
87,Durian,PEN,714,2023-10-11,SIN/HK
87,Durian,PEN,912,2023-10-11,MNL/HK
87,Durian,PEN,392,2023-10-11,PEN/HK
87,Durian,PEN,048,2023-10-11,DAC/HAN/HK
88,Mangosteen,PEN,129,2023-10-11,ICN/HK
88,Mangosteen,PEN,209,2023-10-11,NRT/HK
88,Mangosteen,PEN,288,2023-10-11,FRA/HK
88,Mangosteen,PEN,681,2023-10-11,TPE/HK
88,Mangosteen,PEN,937,2023-10-11,WUH/HK
88,Mangosteen,PEN,501,2023-10-11,NRT/HK
88,Mangosteen,PEN,662,2023-10-11,DAC/HK
88,Mangosteen,PEN,270,2023-10-11,AMS/HK
88,Mangosteen,PEN,456,2023-10-11,CEB/MNL/HK
89,Papaya,PEN,681,2023-10-11,TPE/HK
89,Papaya,PEN,2083,2023-10-11,LAX/PDX/ANC/HK
89,Papaya,PEN,431,2023-10-11,KHH/HK
89,Papaya,PEN,624,2023-10-11,BLR/HK
89,Papaya,PEN,662,2023-10-11,DAC/HK
89,Papaya,PEN,205,2023-10-11,KIX/HK
90,Mango,CEB,562,2023-10-11,SGN/HK
90,Mango,CEB,250,2023-10-11,LHR/HK
90,Mango,CEB,597,2023-10-11,KIX/HK
90,Mango,CEB,205,2023-10-11,KIX/HK
90,Mango,CEB,005,2023-10-11,NRT/TPE/HK
90,Mango,CEB,821,2023-10-11,OKA/HK
91,Coconut,CEB,035,2023-10-11,KIX/ICN/HK
91,Coconut,CEB,178,2023-10-11,MEL/HK
91,Coconut,CEB,640,2023-10-11,KTM/HK
91,Coconut,CEB,209,2023-10-11,NRT/HK
91,Coconut,CEB,417,2023-10-11,ICN/HK
91,Coconut,CEB,995,2023-10-11,FOC/HK
91,Coconut,CEB,623,2023-10-11,HND/HK
91,Coconut,CEB,217,2023-10-11,NGO/HK
91,Coconut,CEB,769,2023-10-11,PEK/HK
91,Coconut,CEB,252,2023-10-11,LHR/HK
92,Pineapple,CEB,721,2023-10-11,CTU/HK
92,Pineapple,CEB,748,2023-10-11,JNB/HK
92,Pineapple,CEB,983,2023-10-11,CAN/HK
92,Pineapple,CEB,205,2023-10-11,KIX/HK
92,Pineapple,CEB,973,2023-10-11,XMN/HK
93,Peach,NGO,3144,2023-10-11,MAA/HK
93,Peach,NGO,983,2023-10-11,CAN/HK
93,Peach,NGO,3253,2023-10-11,PVG/HK
93,Peach,NGO,260,2023-10-11,CDG/HK
93,Peach,NGO,217,2023-10-11,NGO/HK
93,Peach,NGO,624,2023-10-11,BLR/HK
94,Plum,NGO,973,2023-10-11,XMN/HK
94,Plum,NGO,829,2023-10-11,YYZ/HK
94,Plum,NGO,765,2023-10-11,HKT/HK
94,Plum,NGO,501,2023-10-11,NRT/HK
94,Plum,NGO,597,2023-10-11,KIX/HK
94,Plum,NGO,959,2023-10-11,HGH/HK
95,Apple,NGO,730,2023-10-11,KUL/HK
95,Apple,NGO,005,2023-10-11,NRT/TPE/HK
95,Apple,NGO,217,2023-10-11,NGO/HK
95,Apple,NGO,627,2023-10-11,ICN/HK
95,Apple,NGO,738,2023-10-11,DXB/HK
95,Apple,NGO,2046,2023-10-11,DEL/HK
95,Apple,NGO,597,2023-10-11,KIX/HK
95,Apple,NGO,959,2023-10-11,HGH/HK
95,Apple,NGO,995,2023-10-11,FOC/HK
95,Apple,NGO,973,2023-10-11,XMN/HK
96,Mango,DAC,912,2023-10-11,MNL/HK
96,Mango,DAC,917,2023-10-11,TFU/HK
96,Mango,DAC,738,2023-10-11,DXB/HK
96,Mango,DAC,681,2023-10-11,TPE/HK
96,Mango,DAC,3253,2023-10-11,PVG/HK
96,Mango,DAC,873,2023-10-11,SFO/HK
96,Mango,DAC,250,2023-10-11,LHR/HK
96,Mango,DAC,700,2023-10-11,BKK/HK
96,Mango,DAC,138,2023-10-11,SYD/HK
97,Jackfruit,DAC,983,2023-10-11,CAN/HK
97,Jackfruit,DAC,209,2023-10-11,NRT/HK
97,Jackfruit,DAC,937,2023-10-11,WUH/HK
97,Jackfruit,DAC,842,2023-10-11,BKK/HK
97,Jackfruit,DAC,2046,2023-10-11,DEL/HK
97,Jackfruit,DAC,227,2023-10-11,NGB/HK
97,Jackfruit,DAC,660,2023-10-11,BOM/HK
98,Pineapple,DAC,842,2023-10-11,BKK/HK
98,Pineapple,DAC,449,2023-10-11,KHH/HK
98,Pineapple,DAC,2078,2023-10-11,RUH/DWC/HK
98,Pineapple,DAC,417,2023-10-11,ICN/HK
98,Pineapple,DAC,912,2023-10-11,MNL/HK
98,Pineapple,DAC,456,2023-10-11,CEB/MNL/HK
98,Pineapple,DAC,129,2023-10-11,ICN/HK
99,Mango,HAN,178,2023-10-11,MEL/HK
99,Mango,HAN,562,2023-10-11,SGN/HK
99,Mango,HAN,783,2023-10-11,PVG/HK
99,Mango,HAN,937,2023-10-11,WUH/HK
99,Mango,HAN,170,2023-10-11,PER/HK
99,Mango,HAN,005,2023-10-11,NRT/TPE/HK
100,Longan,HAN,694,2023-10-11,DEL/HK
100,Longan,HAN,995,2023-10-11,FOC/HK
100,Longan,HAN,917,2023-10-11,TFU/HK
100,Longan,HAN,3239,2023-10-11,XMN/PVG/HK
100,Longan,HAN,365,2023-10-11,PVG/HK
100,Longan,HAN,798,2023-10-11,CGK/HK
101,Lychee,HAN,769,2023-10-11,PEK/HK
101,Lychee,HAN,842,2023-10-11,BKK/HK
101,Lychee,HAN,640,2023-10-11,KTM/HK
101,Lychee,HAN,005,2023-10-11,NRT/TPE/HK
101,Lychee,HAN,873,2023-10-11,SFO/HK
102,Apple,SYD,798,2023-10-11,CGK/HK
102,Apple,SYD,156,2023-10-11,BNE/HK
102,Apple,SYD,651,2023-10-11,NRT/HK
102,Apple,SYD,3239,2023-10-11,XMN/PVG/HK
102,Apple,SYD,392,2023-10-11,PEN/HK
102,Apple,SYD,361,2023-10-11,PVG/HK
103,Orange,SYD,798,2023-10-11,CGK/HK
103,Orange,SYD,035,2023-10-11,KIX/ICN/HK
103,Orange,SYD,640,2023-10-11,KTM/HK
103,Orange,SYD,769,2023-10-11,PEK/HK
103,Orange,SYD,407,2023-10-11,TPE/HK
103,Orange,SYD,501,2023-10-11,NRT/HK
103,Orange,SYD,660,2023-10-11,BOM/HK
103,Orange,SYD,392,2023-10-11,PEN/HK
104,Kiwi,SYD,345,2023-10-11,PEK/HK
104,Kiwi,SYD,640,2023-10-11,KTM/HK
104,Kiwi,SYD,912,2023-10-11,MNL/HK
104,Kiwi,SYD,651,2023-10-11,NRT/HK
104,Kiwi,SYD,700,2023-10-11,BKK/HK
104,Kiwi,SYD,881,2023-10-11,LAX/HK
104,Kiwi,SYD,209,2023-10-11,NRT/HK
104,Kiwi,SYD,3261,2023-10-11,CKG/HK
105,Cherry,MEL,769,2023-10-11,PEK/HK
105,Cherry,MEL,730,2023-10-11,KUL/HK
105,Cherry,MEL,651,2023-10-11,NRT/HK
105,Cherry,MEL,205,2023-10-11,KIX/HK
105,Cherry,MEL,449,2023-10-11,KHH/HK
105,Cherry,MEL,129,2023-10-11,ICN/HK
105,Cherry,MEL,765,2023-10-11,HKT/HK
105,Cherry,MEL,005,2023-10-11,NRT/TPE/HK
105,Cherry,MEL,651,2023-10-11,NRT/HK
106,Plum,MEL,227,2023-10-11,NGB/HK
106,Plum,MEL,769,2023-10-11,PEK/HK
106,Plum,MEL,3144,2023-10-11,MAA/HK
106,Plum,MEL,681,2023-10-11,TPE/HK
106,Plum,MEL,937,2023-10-11,WUH/HK
106,Plum,MEL,995,2023-10-11,FOC/HK
106,Plum,MEL,238,2023-10-11,LHR/HK
106,Plum,MEL,209,2023-10-11,NRT/HK
106,Plum,MEL,345,2023-10-11,PEK/HK
107,Apricot,MEL,205,2023-10-11,KIX/HK
107,Apricot,MEL,705,2023-10-11,BKK/HK
107,Apricot,MEL,562,2023-10-11,SGN/HK
107,Apricot,MEL,681,2023-10-11,TPE/HK
107,Apricot,MEL,651,2023-10-11,NRT/HK
108,Blueberry,ANC,730,2023-10-11,KUL/HK
108,Blueberry,ANC,2078,2023-10-11,RUH/DWC/HK
108,Blueberry,ANC,048,2023-10-11,DAC/HAN/HK
108,Blueberry,ANC,798,2023-10-11,CGK/HK
108,Blueberry,ANC,138,2023-10-11,SYD/HK
108,Blueberry,ANC,252,2023-10-11,LHR/HK
108,Blueberry,ANC,843,2023-10-11,JFK/HK
108,Blueberry,ANC,345,2023-10-11,PEK/HK
108,Blueberry,ANC,2083,2023-10-11,LAX/PDX/ANC/HK
108,Blueberry,ANC,660,2023-10-11,BOM/HK
109,Raspberry,ANC,3253,2023-10-11,PVG/HK
109,Raspberry,ANC,718,2023-10-11,CGK/HK
109,Raspberry,ANC,250,2023-10-11,LHR/HK
109,Raspberry,ANC,700,2023-10-11,BKK/HK
109,Raspberry,ANC,624,2023-10-11,BLR/HK
109,Raspberry,ANC,780,2023-10-11,SUB/HK
109,Raspberry,ANC,503,2023-10-11,KIX/HK
109,Raspberry,ANC,811,2023-10-11,BOS/HK
110,Strawberry,ANC,156,2023-10-11,BNE/HK
110,Strawberry,ANC,700,2023-10-11,BKK/HK
110,Strawberry,ANC,625,2023-10-11,HND/HK
110,Strawberry,ANC,288,2023-10-11,FRA/HK
110,Strawberry,ANC,651,2023-10-11,NRT/HK
110,Strawberry,ANC,783,2023-10-11,PVG/HK
110,Strawberry,ANC,705,2023-10-11,BKK/HK
111,Peach,HND,662,2023-10-11,DAC/HK
111,Peach,HND,260,2023-10-11,CDG/HK
111,Peach,HND,2078,2023-10-11,RUH/DWC/HK
111,Peach,HND,798,2023-10-11,CGK/HK
111,Peach,HND,651,2023-10-11,NRT/HK
111,Peach,HND,983,2023-10-11,CAN/HK
112,Plum,HND,489,2023-10-11,TPE/HK
112,Plum,HND,3122,2023-10-11,SYD/MEL/WTB/HK
112,Plum,HND,270,2023-10-11,AMS/HK
112,Plum,HND,431,2023-10-11,KHH/HK
112,Plum,HND,912,2023-10-11,MNL/HK
112,Plum,HND,676,2023-10-11,TLV/HK
113,Apple,HND,252,2023-10-11,LHR/HK
113,Apple,HND,3122,2023-10-11,SYD/MEL/WTB/HK
113,Apple,HND,714,2023-10-11,SIN/HK
113,Apple,HND,973,2023-10-11,XMN/HK
113,Apple,HND,718,2023-10-11,CGK/HK
113,Apple,HND,769,2023-10-11,PEK/HK
113,Apple,HND,238,2023-10-11,LHR/HK
113,Apple,HND,783,2023-10-11,PVG/HK
113,Apple,HND,270,2023-10-11,AMS/HK
113,Apple,HND,170,2023-10-11,PER/HK
114,Durian,CGK,217,2023-10-11,NGO/HK
114,Durian,CGK,694,2023-10-11,DEL/HK
114,Durian,CGK,658,2023-10-11,SIN/HK
114,Durian,CGK,625,2023-10-11,HND/HK
114,Durian,CGK,392,2023-10-11,PEN/HK
114,Durian,CGK,973,2023-10-11,XMN/HK
114,Durian,CGK,431,2023-10-11,KHH/HK
114,Durian,CGK,562,2023-10-11,SGN/HK
114,Durian,CGK,681,2023-10-11,TPE/HK
114,Durian,CGK,765,2023-10-11,HKT/HK
115,Mangosteen,CGK,035,2023-10-11,KIX/ICN/HK
115,Mangosteen,CGK,627,2023-10-11,ICN/HK
115,Mangosteen,CGK,252,2023-10-11,LHR/HK
115,Mangosteen,CGK,138,2023-10-11,SYD/HK
115,Mangosteen,CGK,449,2023-10-11,KHH/HK
115,Mangosteen,CGK,209,2023-10-11,NRT/HK
115,Mangosteen,CGK,431,2023-10-11,KHH/HK
115,Mangosteen,CGK,551,2023-10-11,HAN/HK
116,Papaya,CGK,765,2023-10-11,HKT/HK
116,Papaya,CGK,651,2023-10-11,NRT/HK
116,Papaya,CGK,138,2023-10-11,SYD/HK
116,Papaya,CGK,937,2023-10-11,WUH/HK
116,Papaya,CGK,392,2023-10-11,PEN/HK
116,Papaya,CGK,205,2023-10-11,KIX/HK
116,Papaya,CGK,623,2023-10-11,HND/HK
116,Papaya,CGK,3122,2023-10-11,SYD/MEL/WTB/HK
116,Papaya,CGK,798,2023-10-11,CGK/HK
116,Papaya,CGK,917,2023-10-11,TFU/HK
33,Longan,XMN,209,2023-10-11,NRT/HK
33,Longan,XMN,503,2023-10-11,KIX/HK
33,Longan,XMN,407,2023-10-11,TPE/HK
33,Longan,XMN,431,2023-10-11,KHH/HK
33,Longan,XMN,660,2023-10-11,BOM/HK
33,Longan,XMN,3144,2023-10-11,MAA/HK
34,Pomelo,XMN,597,2023-10-11,KIX/HK
34,Pomelo,XMN,170,2023-10-11,PER/HK
34,Pomelo,XMN,252,2023-10-11,LHR/HK
34,Pomelo,XMN,227,2023-10-11,NGB/HK
34,Pomelo,XMN,676,2023-10-11,TLV/HK
34,Pomelo,XMN,503,2023-10-11,KIX/HK
34,Pomelo,XMN,365,2023-10-11,PVG/HK
34,Pomelo,XMN,705,2023-10-11,BKK/HK
34,Pomelo,XMN,417,2023-10-11,ICN/HK
35,Lychee,XMN,035,2023-10-11,KIX/ICN/HK
35,Lychee,XMN,209,2023-10-11,NRT/HK
35,Lychee,XMN,2078,2023-10-11,RUH/DWC/HK
35,Lychee,XMN,3253,2023-10-11,PVG/HK
35,Lychee,XMN,623,2023-10-11,HND/HK
35,Lychee,XMN,748,2023-10-11,JNB/HK
35,Lychee,XMN,841,2023-10-11,JFK/HK
35,Lychee,XMN,252,2023-10-11,LHR/HK
36,Pineapple,KHH,129,2023-10-11,ICN/HK
36,Pineapple,KHH,995,2023-10-11,FOC/HK
36,Pineapple,KHH,260,2023-10-11,CDG/HK
36,Pineapple,KHH,783,2023-10-11,PVG/HK
36,Pineapple,KHH,780,2023-10-11,SUB/HK
36,Pineapple,KHH,906,2023-10-11,MNL/HK
36,Pineapple,KHH,509,2023-10-11,NRT/HK
37,Guava,KHH,842,2023-10-11,BKK/HK
37,Guava,KHH,718,2023-10-11,CGK/HK
37,Guava,KHH,129,2023-10-11,ICN/HK
37,Guava,KHH,676,2023-10-11,TLV/HK
37,Guava,KHH,170,2023-10-11,PER/HK
37,Guava,KHH,035,2023-10-11,KIX/ICN/HK
37,Guava,KHH,156,2023-10-11,BNE/HK
38,Mango,KHH,170,2023-10-11,PER/HK
38,Mango,KHH,270,2023-10-11,AMS/HK
38,Mango,KHH,658,2023-10-11,SIN/HK
38,Mango,KHH,883,2023-10-11,LAX/HK
38,Mango,KHH,676,2023-10-11,TLV/HK
38,Mango,KHH,681,2023-10-11,TPE/HK
38,Mango,KHH,843,2023-10-11,JFK/HK
39,Apple,CTU,250,2023-10-11,LHR/HK
39,Apple,CTU,2083,2023-10-11,LAX/PDX/ANC/HK
39,Apple,CTU,551,2023-10-11,HAN/HK
39,Apple,CTU,765,2023-10-11,HKT/HK
39,Apple,CTU,714,2023-10-11,SIN/HK
39,Apple,CTU,718,2023-10-11,CGK/HK
39,Apple,CTU,129,2023-10-11,ICN/HK
39,Apple,CTU,178,2023-10-11,MEL/HK
39,Apple,CTU,912,2023-10-11,MNL/HK
39,Apple,CTU,843,2023-10-11,JFK/HK
40,Pear,CTU,170,2023-10-11,PER/HK
40,Pear,CTU,765,2023-10-11,HKT/HK
40,Pear,CTU,456,2023-10-11,CEB/MNL/HK
40,Pear,CTU,698,2023-10-11,DEL/HK
40,Pear,CTU,129,2023-10-11,ICN/HK
40,Pear,CTU,156,2023-10-11,BNE/HK
40,Pear,CTU,718,2023-10-11,CGK/HK
40,Pear,CTU,501,2023-10-11,NRT/HK
41,Jujube,CTU,906,2023-10-11,MNL/HK
41,Jujube,CTU,205,2023-10-11,KIX/HK
41,Jujube,CTU,170,2023-10-11,PER/HK
41,Jujube,CTU,821,2023-10-11,OKA/HK
41,Jujube,CTU,883,2023-10-11,LAX/HK
41,Jujube,CTU,205,2023-10-11,KIX/HK
41,Jujube,CTU,959,2023-10-11,HGH/HK
41,Jujube,CTU,156,2023-10-11,BNE/HK
41,Jujube,CTU,705,2023-10-11,BKK/HK
42,Mango,SGN,640,2023-10-11,KTM/HK
42,Mango,SGN,842,2023-10-11,BKK/HK
42,Mango,SGN,765,2023-10-11,HKT/HK
42,Mango,SGN,624,2023-10-11,BLR/HK
42,Mango,SGN,170,2023-10-11,PER/HK
42,Mango,SGN,288,2023-10-11,FRA/HK
43,Dragon Fruit,SGN,2046,2023-10-11,DEL/HK
43,Dragon Fruit,SGN,005,2023-10-11,NRT/TPE/HK
43,Dragon Fruit,SGN,597,2023-10-11,KIX/HK
43,Dragon Fruit,SGN,035,2023-10-11,KIX/ICN/HK
43,Dragon Fruit,SGN,392,2023-10-11,PEN/HK
43,Dragon Fruit,SGN,738,2023-10-11,DXB/HK
43,Dragon Fruit,SGN,983,2023-10-11,CAN/HK
44,Lychee,SGN,392,2023-10-11,PEN/HK
44,Lychee,SGN,449,2023-10-11,KHH/HK
44,Lychee,SGN,205,2023-10-11,KIX/HK
44,Lychee,SGN,209,2023-10-11,NRT/HK
44,Lychee,SGN,623,2023-10-11,HND/HK
44,Lychee,SGN,365,2023-10-11,PVG/HK
44,Lychee,SGN,843,2023-10-11,JFK/HK
44,Lychee,SGN,627,2023-10-11,ICN/HK
45,Durian,WTB,912,2023-10-11,MNL/HK
45,Durian,WTB,917,2023-10-11,TFU/HK
45,Durian,WTB,765,2023-10-11,HKT/HK
45,Durian,WTB,260,2023-10-11,CDG/HK
45,Durian,WTB,959,2023-10-11,HGH/HK
45,Durian,WTB,843,2023-10-11,JFK/HK
45,Durian,WTB,829,2023-10-11,YYZ/HK
45,Durian,WTB,129,2023-10-11,ICN/HK
45,Durian,WTB,431,2023-10-11,KHH/HK
45,Durian,WTB,714,2023-10-11,SIN/HK
46,Mangosteen,WTB,551,2023-10-11,HAN/HK
46,Mangosteen,WTB,662,2023-10-11,DAC/HK
46,Mangosteen,WTB,959,2023-10-11,HGH/HK
46,Mangosteen,WTB,2083,2023-10-11,LAX/PDX/ANC/HK
46,Mangosteen,WTB,456,2023-10-11,CEB/MNL/HK
46,Mangosteen,WTB,811,2023-10-11,BOS/HK
46,Mangosteen,WTB,129,2023-10-11,ICN/HK
46,Mangosteen,WTB,048,2023-10-11,DAC/HAN/HK
47,Papaya,WTB,2078,2023-10-11,RUH/DWC/HK
47,Papaya,WTB,238,2023-10-11,LHR/HK
47,Papaya,WTB,129,2023-10-11,ICN/HK
47,Papaya,WTB,407,2023-10-11,TPE/HK
47,Papaya,WTB,562,2023-10-11,SGN/HK
47,Papaya,WTB,769,2023-10-11,PEK/HK
47,Papaya,WTB,288,2023-10-11,FRA/HK
47,Papaya,WTB,217,2023-10-11,NGO/HK
47,Papaya,WTB,705,2023-10-11,BKK/HK
48,Apple,ORD,843,2023-10-11,JFK/HK
48,Apple,ORD,252,2023-10-11,LHR/HK
48,Apple,ORD,178,2023-10-11,MEL/HK
48,Apple,ORD,906,2023-10-11,MNL/HK
48,Apple,ORD,193,2023-10-11,RMQ/HK
49,Blueberry,ORD,843,2023-10-11,JFK/HK
49,Blueberry,ORD,658,2023-10-11,SIN/HK
49,Blueberry,ORD,392,2023-10-11,PEN/HK
49,Blueberry,ORD,250,2023-10-11,LHR/HK
49,Blueberry,ORD,035,2023-10-11,KIX/ICN/HK
49,Blueberry,ORD,288,2023-10-11,FRA/HK
49,Blueberry,ORD,3261,2023-10-11,CKG/HK
50,Cranberry,ORD,783,2023-10-11,PVG/HK
50,Cranberry,ORD,288,2023-10-11,FRA/HK
50,Cranberry,ORD,676,2023-10-11,TLV/HK
50,Cranberry,ORD,205,2023-10-11,KIX/HK
50,Cranberry,ORD,456,2023-10-11,CEB/MNL/HK
50,Cranberry,ORD,841,2023-10-11,JFK/HK
50,Cranberry,ORD,562,2023-10-11,SGN/HK
50,Cranberry,ORD,843,2023-10-11,JFK/HK
51,Strawberry,CKG,730,2023-10-11,KUL/HK
51,Strawberry,CKG,417,2023-10-11,ICN/HK
51,Strawberry,CKG,456,2023-10-11,CEB/MNL/HK
51,Strawberry,CKG,798,2023-10-11,CGK/HK
51,Strawberry,CKG,562,2023-10-11,SGN/HK
52,Avocado,CKG,625,2023-10-11,HND/HK
52,Avocado,CKG,170,2023-10-11,PER/HK
52,Avocado,CKG,821,2023-10-11,OKA/HK
52,Avocado,CKG,841,2023-10-11,JFK/HK
52,Avocado,CKG,005,2023-10-11,NRT/TPE/HK
52,Avocado,CKG,700,2023-10-11,BKK/HK
52,Avocado,CKG,738,2023-10-11,DXB/HK
53,Lemon,CKG,005,2023-10-11,NRT/TPE/HK
53,Lemon,CKG,627,2023-10-11,ICN/HK
53,Lemon,CKG,738,2023-10-11,DXB/HK
53,Lemon,CKG,973,2023-10-11,XMN/HK
53,Lemon,CKG,407,2023-10-11,TPE/HK
53,Lemon,CKG,698,2023-10-11,DEL/HK
53,Lemon,CKG,694,2023-10-11,DEL/HK
53,Lemon,CKG,881,2023-10-11,LAX/HK
